technique,x,z
RodCast,3,1.880244343
RodCast,4,-0.88454363
RodCast,5,0.150369895
RodCast,6,-3.493262163
FlowerCone,3,1.880244343
FlowerCone,4,-0.88454363
FlowerCone,5,0.150369895
FlowerCone,6,-3.493262163
GoGoHand,3,1.880244343
GoGoHand,4,-0.88454363
GoGoHand,5,0.150369895
GoGoHand,6,-3.493262163
