technique,x,z
RodCast,6.87409397,1.880244343
FlowerCone,17.16490187,-0.88454363
RodCast,24.30201689,0.150369895
FlowerCone,35.05421616,-3.493262163
GoGoHand,6.87409397,1.880244343
FlowerCone,17.16490187,-0.88454363
RodCast,24.30201689,0.150369895
GoGoHand,35.05421616,-3.493262163
